{"cameraMode":{"drawMode":0,"name":"Shaded","section":"Shading Mode"},"sceneLighting":false,"audioPlay":false,"sceneViewState":{"showFog":true,"showMaterialUpdate":true,"showSkybox":false,"showFlares":true,"showImageEffects":true,"showParticleSystems":true},"in2DMode":false,"pivot":{"x":-20.31093978881836,"y":44.69363021850586,"z":-10.974884033203125},"rotation":{"x":0.001017512520775199,"y":0.9964991807937622,"z":-0.08270879834890366,"w":0.012258537113666535},"size":33.137290954589847,"orthographic":false}