{"cameraMode":{"drawMode":0,"name":"Shaded","section":"Shading Mode"},"sceneLighting":true,"audioPlay":false,"sceneViewState":{"showFog":true,"showMaterialUpdate":true,"showSkybox":true,"showFlares":true,"showImageEffects":true,"showParticleSystems":true},"in2DMode":false,"pivot":{"x":0.11467087268829346,"y":0.11625409126281738,"z":-1.2693498134613038},"rotation":{"x":-0.15706072747707368,"y":0.7500684261322022,"z":-0.19217099249362946,"w":-0.6130284667015076},"size":1.1386995315551758,"orthographic":false}