{"cameraMode":{"drawMode":0,"name":"Shaded","section":"Shading Mode"},"sceneLighting":false,"audioPlay":false,"sceneViewState":{"showFog":true,"showMaterialUpdate":true,"showSkybox":false,"showFlares":true,"showImageEffects":true,"showParticleSystems":true},"in2DMode":false,"pivot":{"x":0.0,"y":0.20194998383522035,"z":-0.054034292697906497},"rotation":{"x":0.001017512520775199,"y":0.9964991807937622,"z":-0.08270879834890366,"w":0.012258537113666535},"size":0.9503492712974548,"orthographic":false}