{"cameraMode":{"drawMode":0,"name":"Shaded","section":"Shading Mode"},"sceneLighting":true,"audioPlay":false,"sceneViewState":{"showFog":true,"showMaterialUpdate":true,"showSkybox":true,"showFlares":true,"showImageEffects":true,"showParticleSystems":true},"in2DMode":false,"pivot":{"x":0.17165616154670716,"y":0.16380810737609864,"z":0.03845477104187012},"rotation":{"x":-0.1881771981716156,"y":0.006479174830019474,"z":-0.0012413321528583766,"w":-0.9821147918701172},"size":1.1386995315551758,"orthographic":false}