{"cameraMode":{"drawMode":0,"name":"Shaded","section":"Shading Mode"},"sceneLighting":false,"audioPlay":false,"sceneViewState":{"showFog":true,"showMaterialUpdate":true,"showSkybox":false,"showFlares":true,"showImageEffects":true,"showParticleSystems":true},"in2DMode":false,"pivot":{"x":5.960464477539063e-8,"y":1.405622959136963,"z":0.22091329097747804},"rotation":{"x":-0.1328820288181305,"y":0.7626775503158569,"z":-0.6108542084693909,"w":-0.16591092944145204},"size":1.9851994514465333,"orthographic":false}