{"cameraMode":{"drawMode":0,"name":"Shaded","section":"Shading Mode"},"sceneLighting":false,"audioPlay":false,"sceneViewState":{"showFog":true,"showMaterialUpdate":true,"showSkybox":false,"showFlares":true,"showImageEffects":true,"showParticleSystems":true},"in2DMode":false,"pivot":{"x":-19.966672897338868,"y":45.85917282104492,"z":-13.913362503051758},"rotation":{"x":0.001017512520775199,"y":0.9964991807937622,"z":-0.08270879834890366,"w":0.012258537113666535},"size":7.55825662612915,"orthographic":false}