{"cameraMode":{"drawMode":0,"name":"Shaded","section":"Shading Mode"},"sceneLighting":false,"audioPlay":false,"sceneViewState":{"showFog":true,"showMaterialUpdate":true,"showSkybox":false,"showFlares":true,"showImageEffects":true,"showParticleSystems":true},"in2DMode":false,"pivot":{"x":-0.05274248123168945,"y":4.789979934692383,"z":1.4402804374694825},"rotation":{"x":-0.15706072747707368,"y":0.7500684261322022,"z":-0.19217099249362946,"w":-0.6130284667015076},"size":8.861059188842774,"orthographic":false}